model_id,n_train,n_oos,y_train_mean,y_oos_mean,logloss_oos,brier_oos,auc_oos
gbdt_best,744,330,0.7701612903225806,0.8575757575757575,0.427648575815714,0.1303753529474493,0.590933012555447
rf_best,744,330,0.7701612903225806,0.8575757575757575,0.4312085763904032,0.1311271550035948,0.5737914442523118
