{
  "adverb_ratio_pr": 0.015986134111881423,
  "adverb_ratio_qa": 0.01700349870679403,
  "adverb_ratio_zscore_pr": -0.0915934981218438,
  "adverb_ratio_zscore_qa": 0.17678940917490882,
  "automated_readability_pr": 12.067459813825899,
  "automated_readability_qa": 9.13151385130592,
  "coleman_liau_pr": 11.857904356623939,
  "coleman_liau_qa": 8.367624803571438,
  "dale_chall_pr": 11.29296145657994,
  "dale_chall_qa": 8.85268299916302,
  "flesch_ease_pr": 45.997853665309066,
  "flesch_ease_qa": 64.65423149872845,
  "flesch_kincaid_pr": 11.32282110962349,
  "flesch_kincaid_qa": 8.664681610565816,
  "gunning_fog_pr": 13.843841794217814,
  "gunning_fog_qa": 11.09337560620407,
  "lm_complexity_pr": 0.002473125322577323,
  "lm_complexity_qa": 0.0009995525010454837,
  "lm_constraining_pr": 0.001327450565557602,
  "lm_constraining_qa": 0.0009575457891815397,
  "lm_litigious_pr": 0.0011922303458883274,
  "lm_litigious_qa": 0.0008863963457655251,
  "lm_litigious_zscore_pr": 0.17732939500499972,
  "lm_litigious_zscore_qa": -0.20823011185021514,
  "lm_modal_strong_pr": 0.00557827540229815,
  "lm_modal_strong_qa": 0.004883518551389508,
  "lm_modal_strong_zscore_pr": 0.2205171164895017,
  "lm_modal_strong_zscore_qa": -0.1672477449286557,
  "lm_modal_weak_pr": 0.0024023005365963242,
  "lm_modal_weak_qa": 0.004959665363211937,
  "lm_modal_weak_zscore_pr": -0.7503277354465764,
  "lm_modal_weak_zscore_qa": 0.7795737614144961,
  "lm_negative_pr": 0.007663717385560667,
  "lm_negative_qa": 0.01021827452692227,
  "lm_net_sentiment_pr": 0.011289088552063774,
  "lm_net_sentiment_qa": 0.002116913742303663,
  "lm_net_sentiment_zscore_pr": 0.6919842177118086,
  "lm_net_sentiment_zscore_qa": -0.6772419426473683,
  "lm_polarity_pr": 0.41990688541515664,
  "lm_polarity_qa": 0.0903910959408382,
  "lm_positive_pr": 0.01895280593762444,
  "lm_positive_qa": 0.012335188269225935,
  "lm_subjectivity_pr": 0.03602371361154505,
  "lm_subjectivity_qa": 0.03231203616565876,
  "lm_subjectivity_zscore_pr": 0.38317004581133823,
  "lm_subjectivity_zscore_qa": -0.3554262956664936,
  "lm_uncertainty_pr": 0.008214959942471612,
  "lm_uncertainty_qa": 0.00887217702374503,
  "lm_uncertainty_zscore_pr": -0.21360187786978466,
  "lm_uncertainty_zscore_qa": 0.18360320084374018,
  "n_sentences_pr": 204.05241935483872,
  "n_sentences_qa": 395.6598877980365,
  "n_words_pr": 3478.247983870968,
  "n_words_qa": 6407.8569424964935,
  "pronoun_plural_ratio_pr": 0.7828281651438994,
  "pronoun_plural_ratio_qa": 0.43628353546245413,
  "pronoun_plural_ratio_zscore_pr": 0.8789160639211252,
  "pronoun_plural_ratio_zscore_qa": -0.8769650668997203,
  "smog_index_pr": 13.341733696837753,
  "smog_index_qa": 11.130218388593661,
  "words_per_sentence_pr": 16.77824250106484,
  "words_per_sentence_qa": 16.76641191473964,
  "words_per_sentence_zscore_pr": 0.04818115568038911,
  "words_per_sentence_zscore_qa": -0.03861784488887044,
  "id": 1195.4516129032259
}