{
  "penalty": "l2",
  "n_samples": 307,
  "logloss_oos": 0.3903963167531053,
  "brier_oos": 0.11643693413174057
}